pboot.m	pboot.o	lrt	covariate
0	9.99000999000999e-4	6.939821311385064e-29	bactarc_pepm
0.119	0.11988011988011989	2.947415170751551e-4	nitrateDarwin_dissolved_umol.kg
0.061	0.061938061938061936	3.338958059643268e-5	pel_IV
0.002	0.002997002997002997	5.990327730350451e-5	pel_IIb
0.002	0.002997002997002997	1.915994441266301e-4	aluminum_dissolved_nmol.kg
