FN	FP	TN	TP	sensitivity	specificity	precision	group
164	413	18040	3970	0.9603289791969037	0.9776188153687747	0.9057723020762035	prochlorococcus
6717	88	7168	8614	0.5618681103646207	0.9878721058434399	0.9898873822109859	pelagibacterales
