FN	FP	TN	TP	sensitivity	specificity	precision	group
164	413	18040	3970	0.9603289791969037	0.9776188153687747	0.9057723020762035	prochlorococcus
3017	91	7165	12314	0.8032091840062618	0.9874586549062845	0.9926642482869811	pelagibacterales
